Model,Accuracy,Precision,Recall,F1 Score,ROC AUC,Training Time (s)
Logistic Regression,0.6968253968253968,0.6867469879518072,0.7238095238095238,0.7047913446676971,0.747183169564122,9.146087169647217
Decision Tree,0.8539682539682539,0.8430769230769231,0.8698412698412699,0.85625,0.899251700680272,8.977813005447388
Random Forest,0.9293650793650794,0.9129770992366412,0.9492063492063492,0.930739299610895,0.9774174855127236,607.536084651947
XGBoost,0.934126984126984,0.9320695102685624,0.9365079365079364,0.934283452098179,0.9779692617787856,319.2962610721588
KNN,0.8396825396825397,0.7622549019607843,0.9873015873015872,0.8603042876901799,0.9496145124716552,5.926941394805908
